name,locus_tag
NP_720488.1,SMU_01
NP_720489.1,SMU_02
NP_720490.1,SMU_05
NP_720491.1,SMU_06
NP_720492.1,SMU_07
NP_720493.1,SMU_08
NP_720494.1,SMU_09
NP_720495.1,SMU_10
NP_720496.1,SMU_11
NP_720497.1,SMU_12
NP_720498.1,SMU_13
NP_720499.1,SMU_14
NP_720500.1,SMU_15
NP_720501.1,SMU_16
NP_720502.1,SMU_18
NP_720503.1,SMU_20
NP_720504.1,SMU_21
NP_720505.1,SMU_22
NP_720506.1,SMU_23
NP_720507.1,SMU_24
NP_720508.1,SMU_25
NP_720509.1,SMU_26
NP_720510.1,SMU_27
NP_720511.1,SMU_28
NP_720512.1,SMU_29
NP_720513.1,SMU_30
NP_720514.1,SMU_31
NP_720515.1,SMU_32
NP_720516.1,SMU_33
NP_720517.1,SMU_34
NP_720518.1,SMU_35
NP_720519.1,SMU_36
NP_720520.1,SMU_37
NP_720521.1,SMU_38c
NP_720522.1,SMU_39
NP_720523.1,SMU_40
NP_720524.1,SMU_41
NP_720525.1,SMU_42
NP_720526.1,SMU_43
NP_720527.1,SMU_44
NP_720528.1,SMU_45
NP_720529.1,SMU_46
NP_720530.1,SMU_47
NP_720531.1,SMU_48
NP_720532.1,SMU_49
NP_720533.1,SMU_50
NP_720534.1,SMU_51
NP_720535.1,SMU_52
NP_720536.1,SMU_53
NP_720537.1,SMU_54
NP_720538.1,SMU_55
NP_720539.1,SMU_56
NP_720540.1,SMU_58
NP_720541.1,SMU_59
NP_720542.1,SMU_60
NP_720543.1,SMU_61
NP_720544.1,SMU_63c
NP_720545.1,SMU_64
NP_720546.1,SMU_65
NP_720547.1,SMU_66
NP_720548.1,SMU_67
NP_720549.1,SMU_68
NP_720550.1,SMU_70
NP_720551.1,SMU_71
NP_720552.3,SMU_72
NP_720553.1,SMU_73
NP_720554.1,SMU_74
NP_720555.1,SMU_75
NP_720556.1,SMU_76
NP_720557.1,SMU_78
NP_720558.1,SMU_79
NP_720559.1,SMU_80
NP_720560.1,SMU_81
NP_720561.1,SMU_82
NP_720562.1,SMU_83
NP_720563.1,SMU_84
NP_720564.1,SMU_85
NP_720565.1,SMU_86
NP_720566.1,SMU_87
NP_720567.1,SMU_88c
NP_720568.1,SMU_89c
NP_720569.1,SMU_91
NP_720570.1,SMU_92c
NP_720571.1,SMU_93c
NP_720572.1,SMU_94c
NP_720573.3,SMU_96
NP_720574.1,SMU_97
NP_720575.1,SMU_99
NP_720576.1,SMU_100
NP_720577.1,SMU_101
NP_720578.1,SMU_102
NP_720579.1,SMU_103
NP_720580.1,SMU_104
NP_720581.1,SMU_105
NP_720582.1,SMU_106c
NP_720583.1,SMU_107
NP_720584.1,SMU_108
NP_720585.1,SMU_109
NP_720586.1,SMU_110
NP_720587.1,SMU_112c
NP_720588.1,SMU_113
NP_720589.1,SMU_114
NP_720590.1,SMU_115
NP_720591.1,SMU_116
NP_720592.1,SMU_117c
NP_720593.1,SMU_118c
NP_720594.1,SMU_119
NP_720595.1,SMU_120
NP_720596.1,SMU_121
NP_720597.1,SMU_123
NP_720598.1,SMU_124
NP_720599.1,SMU_125
NP_720600.1,SMU_127
NP_720601.1,SMU_128
NP_720602.1,SMU_129
NP_720603.1,SMU_130
NP_720604.1,SMU_131
NP_720605.1,SMU_132
NP_720606.1,SMU_133c
NP_720607.1,SMU_134
NP_720608.1,SMU_135
NP_720609.1,SMU_136c
NP_720610.1,SMU_137
NP_720611.1,SMU_138
NP_720612.1,SMU_139
NP_720613.1,SMU_140
NP_720614.1,SMU_141
NP_720615.1,SMU_143c
NP_720616.1,SMU_144c
NP_720617.1,SMU_145
NP_720618.1,SMU_148
NP_720619.1,SMU_149
NP_720620.1,SMU_150
NP_720621.1,SMU_151
NP_720622.1,SMU_152
NP_720623.1,SMU_153
NP_720624.1,SMU_154
NP_720625.1,SMU_155
NP_720626.1,SMU_156
NP_720627.1,SMU_157
NP_720628.1,SMU_158
NP_720629.1,SMU_159
NP_720630.1,SMU_160
NP_720631.1,SMU_161
NP_720632.1,SMU_162c
NP_720633.1,SMU_163c
NP_720634.1,SMU_164
NP_720635.1,SMU_165
NP_720636.1,SMU_166
NP_720637.1,SMU_167
NP_720638.1,SMU_168
NP_720639.1,SMU_169
NP_720640.1,SMU_170
NP_720641.1,SMU_172
NP_720642.1,SMU_173
NP_720643.1,SMU_174c
NP_720644.1,SMU_175
NP_720645.1,SMU_176
NP_720646.1,SMU_177
NP_720647.1,SMU_178
NP_720648.1,SMU_179
NP_720649.1,SMU_180
NP_720650.1,SMU_181
NP_720651.1,SMU_182
NP_720652.1,SMU_183
NP_720653.1,SMU_184
NP_720654.1,SMU_185
NP_720655.1,SMU_186
NP_720656.1,SMU_187c
NP_720657.1,SMU_188c
NP_720658.1,SMU_189
NP_720659.1,SMU_191c
NP_720660.1,SMU_193c
NP_720661.1,SMU_194c
NP_720662.1,SMU_195c
NP_720663.1,SMU_196c
NP_720664.1,SMU_197c
NP_720665.1,SMU_198c
NP_720666.1,SMU_199c
NP_720667.1,SMU_200c
NP_720668.1,SMU_201c
NP_720669.1,SMU_202c
NP_720670.1,SMU_204c
NP_720671.1,SMU_205c
NP_720672.1,SMU_206c
NP_720673.1,SMU_207c
NP_720674.1,SMU_208c
NP_720675.1,SMU_209c
NP_720676.1,SMU_210c
NP_720677.1,SMU_211c
NP_720678.1,SMU_212c
NP_720679.1,SMU_213c
NP_720680.1,SMU_214c
NP_720681.1,SMU_215c
NP_720682.1,SMU_216c
NP_720683.1,SMU_217c
NP_720684.1,SMU_218
NP_720685.1,SMU_219
NP_720686.1,SMU_220c
NP_720687.1,SMU_221c
NP_720688.1,SMU_222c
NP_720689.1,SMU_223c
NP_720690.1,SMU_224c
NP_720691.1,SMU_225c
NP_720692.1,SMU_226c
NP_720693.1,SMU_227c
NP_720694.1,SMU_228
NP_720695.1,SMU_229
NP_720696.1,SMU_231
NP_720697.1,SMU_232
NP_720698.1,SMU_233
NP_720699.1,SMU_234
NP_720700.1,SMU_235
NP_720701.1,SMU_236c
NP_720702.1,SMU_237c
NP_720703.1,SMU_238c
NP_720704.1,SMU_239c
NP_720705.1,SMU_241c
NP_720706.1,SMU_242c
NP_720707.1,SMU_243
NP_720708.1,SMU_244
NP_720709.1,SMU_245
NP_720710.1,SMU_246
NP_720711.1,SMU_247
NP_720712.1,SMU_248
NP_720713.1,SMU_249
NP_720714.1,SMU_250
NP_720715.1,SMU_251
NP_720716.1,SMU_252
NP_720717.1,SMU_253
NP_720718.1,SMU_255
NP_720719.1,SMU_256
NP_720720.1,SMU_257
NP_720721.1,SMU_258
NP_720722.1,SMU_259
NP_720723.1,SMU_260
NP_720724.1,SMU_261c
NP_720725.1,SMU_262
NP_720726.1,SMU_263
NP_720727.1,SMU_264
NP_720728.1,SMU_265
NP_720729.1,SMU_267c
NP_720730.1,SMU_268
NP_720731.1,SMU_270
NP_720732.1,SMU_271
NP_720733.1,SMU_272
NP_720734.1,SMU_273
NP_720735.1,SMU_274
NP_720736.1,SMU_275
NP_720737.1,SMU_276c
NP_720738.1,SMU_277
NP_720739.1,SMU_278
NP_720740.1,SMU_279
NP_720741.1,SMU_281
NP_720742.1,SMU_283
NP_720743.1,SMU_284
NP_720744.1,SMU_285
NP_720745.1,SMU_286
NP_720746.1,SMU_287
NP_720747.1,SMU_289
NP_720748.1,SMU_290
NP_720749.1,SMU_291
NP_720750.1,SMU_292
NP_720751.1,SMU_293
NP_720752.1,SMU_294
NP_720753.1,SMU_295
NP_720754.1,SMU_296
NP_720755.1,SMU_297
NP_720756.1,SMU_298
NP_720757.1,SMU_299c
NP_720758.1,SMU_300
NP_720759.1,SMU_301
NP_720760.1,SMU_302
NP_720761.1,SMU_303
NP_720762.1,SMU_304
NP_720763.1,SMU_305
NP_720764.1,SMU_307
NP_720765.1,SMU_308
NP_720766.1,SMU_309
NP_720767.1,SMU_310
NP_720768.1,SMU_311
NP_720769.1,SMU_312
NP_720770.1,SMU_313
NP_720771.1,SMU_314
NP_720772.1,SMU_317
NP_720773.1,SMU_318
NP_720774.1,SMU_320
NP_720775.1,SMU_321
NP_720776.1,SMU_322c
NP_720777.1,SMU_323
NP_720778.1,SMU_325
NP_720779.1,SMU_326
NP_720780.1,SMU_327
NP_720781.1,SMU_328
NP_720782.1,SMU_329
NP_720783.1,SMU_330
NP_720784.1,SMU_331
NP_720785.1,SMU_332
NP_720786.1,SMU_333
NP_720787.1,SMU_334
NP_720788.1,SMU_335
NP_720789.1,SMU_336
NP_720790.1,SMU_337
NP_720791.1,SMU_338
NP_720792.1,SMU_339
NP_720793.1,SMU_340
NP_720794.1,SMU_341
NP_720795.1,SMU_342
NP_720796.1,SMU_343
NP_720797.1,SMU_344
NP_720798.1,SMU_345c
NP_720799.1,SMU_346
NP_720800.1,SMU_348
NP_720801.1,SMU_349
NP_720802.1,SMU_350
NP_720803.1,SMU_351
NP_720804.1,SMU_352
NP_720805.1,SMU_353
NP_720806.1,SMU_354
NP_720807.1,SMU_355
NP_720808.1,SMU_356
NP_720809.1,SMU_357
NP_720810.1,SMU_358
NP_720811.1,SMU_359
NP_720812.1,SMU_360
NP_720813.1,SMU_361
NP_720814.1,SMU_362
NP_720815.1,SMU_363
NP_720816.1,SMU_364
NP_720817.1,SMU_365
NP_720818.1,SMU_366
NP_720819.1,SMU_367
NP_720820.1,SMU_368c
NP_720821.1,SMU_369c
NP_720822.1,SMU_370
NP_720823.1,SMU_371
NP_720824.1,SMU_372
NP_720825.1,SMU_373
NP_720826.1,SMU_374
NP_720827.1,SMU_375
NP_720828.1,SMU_376
NP_720829.1,SMU_378
NP_720830.1,SMU_379
NP_720831.1,SMU_381c
NP_720832.1,SMU_382c
NP_720833.1,SMU_383c
NP_720834.1,SMU_384
NP_720835.1,SMU_385
NP_720836.1,SMU_386
NP_720837.1,SMU_387
NP_720838.1,SMU_388
NP_720839.1,SMU_389
NP_720840.1,SMU_390
NP_720841.1,SMU_391c
NP_720842.1,SMU_392c
NP_720843.1,SMU_393
NP_720844.1,SMU_394c
NP_720845.1,SMU_395
NP_720846.1,SMU_396
NP_720847.1,SMU_399
NP_720848.1,SMU_400
NP_720849.1,SMU_401c
NP_720850.1,SMU_402
NP_720851.1,SMU_403
NP_720852.1,SMU_404c
NP_720853.1,SMU_405c
NP_720854.1,SMU_406c
NP_720855.1,SMU_407
NP_720856.1,SMU_408
NP_720857.1,SMU_409
NP_720858.1,SMU_410
NP_720859.1,SMU_411c
NP_720860.1,SMU_412c
NP_720861.1,SMU_413
NP_720862.1,SMU_414
NP_720863.1,SMU_415
NP_720864.1,SMU_416
NP_720865.1,SMU_417
NP_720866.1,SMU_418
NP_720867.1,SMU_419
NP_720868.1,SMU_420
NP_720869.1,SMU_421
NP_720870.1,SMU_422
NP_720871.1,SMU_423
NP_720872.1,SMU_424
NP_720873.1,SMU_426
NP_720874.1,SMU_427
NP_720875.1,SMU_428
NP_720876.1,SMU_429c
NP_720877.1,SMU_431
NP_720878.1,SMU_432
NP_720879.1,SMU_433
NP_720880.1,SMU_434
NP_720881.1,SMU_435
NP_720882.1,SMU_436c
NP_720883.1,SMU_438c
NP_720884.1,SMU_439
NP_720885.1,SMU_440
NP_720886.1,SMU_441
NP_720887.1,SMU_442
NP_720888.1,SMU_444
NP_720889.1,SMU_445
NP_720890.1,SMU_446
NP_720891.1,SMU_447
NP_720892.1,SMU_448
NP_720893.1,SMU_449
NP_720894.1,SMU_450
NP_720895.1,SMU_451
NP_720896.1,SMU_453
NP_720897.1,SMU_454
NP_720898.1,SMU_455
NP_720899.1,SMU_456
NP_720900.1,SMU_457
NP_720901.1,SMU_458
NP_720902.1,SMU_459
NP_720903.1,SMU_460
NP_720904.1,SMU_461
NP_720905.1,SMU_462
NP_720906.1,SMU_463
NP_720907.1,SMU_464
NP_720908.1,SMU_465
NP_720909.1,SMU_466
NP_720910.1,SMU_467
NP_720911.1,SMU_469
NP_720912.1,SMU_470
NP_720913.1,SMU_471
NP_720914.1,SMU_472
NP_720915.1,SMU_473
NP_720916.1,SMU_474
NP_720917.1,SMU_475
NP_720918.1,SMU_478
NP_720919.1,SMU_479
NP_720920.1,SMU_480
NP_720921.1,SMU_481
NP_720922.1,SMU_482
NP_720923.1,SMU_483
NP_720924.1,SMU_484
NP_720925.1,SMU_485
NP_720926.1,SMU_486
NP_720927.1,SMU_487
NP_720928.1,SMU_488
NP_720929.1,SMU_489
NP_720930.1,SMU_490
NP_720931.1,SMU_491
NP_720932.1,SMU_493
NP_720933.1,SMU_494
NP_720934.1,SMU_495
NP_720935.1,SMU_496
NP_720936.1,SMU_497c
NP_720937.1,SMU_498
NP_720938.1,SMU_499
NP_720939.1,SMU_500
NP_720940.1,SMU_501
NP_720941.1,SMU_502
NP_720942.1,SMU_503c
NP_720943.1,SMU_504
NP_720944.1,SMU_505
NP_720945.1,SMU_506
NP_720946.1,SMU_507
NP_720947.1,SMU_508
NP_720948.1,SMU_509
NP_720949.1,SMU_510c
NP_720950.1,SMU_512c
NP_720951.1,SMU_513
NP_720952.1,SMU_514
NP_720953.1,SMU_515
NP_720954.1,SMU_516
NP_720955.1,SMU_517
NP_720956.1,SMU_518
NP_720957.1,SMU_520
NP_720958.1,SMU_521
NP_720959.1,SMU_522
NP_720960.1,SMU_523
NP_720961.1,SMU_524
NP_720962.1,SMU_525
NP_720963.1,SMU_526c
NP_720964.1,SMU_527
NP_720965.1,SMU_528c
NP_720966.1,SMU_529
NP_720967.1,SMU_530c
NP_720968.1,SMU_531
NP_720969.1,SMU_532
NP_720970.1,SMU_533
NP_720971.1,SMU_534
NP_720972.1,SMU_535
NP_720973.1,SMU_536
NP_720974.1,SMU_537
NP_720975.1,SMU_538
NP_720976.1,SMU_539c
NP_720977.1,SMU_540
NP_720978.1,SMU_541
NP_720979.1,SMU_542
NP_720980.1,SMU_543
NP_720981.1,SMU_545
NP_720982.1,SMU_546
NP_720983.1,SMU_547
NP_720984.1,SMU_548
NP_720985.1,SMU_549
NP_720986.1,SMU_550
NP_720987.1,SMU_551
NP_720988.1,SMU_552
NP_720989.1,SMU_553
NP_720990.1,SMU_554
NP_720991.1,SMU_555
NP_720992.1,SMU_556
NP_720993.1,SMU_557
NP_720994.1,SMU_558
NP_720995.1,SMU_560c
NP_720996.1,SMU_561c
NP_720997.1,SMU_562
NP_720998.1,SMU_563
NP_720999.1,SMU_564
NP_721000.1,SMU_565c
NP_721001.1,SMU_566c
NP_721002.1,SMU_567
NP_721003.1,SMU_568
NP_721004.1,SMU_569
NP_721005.1,SMU_570
NP_721006.1,SMU_571
NP_721007.1,SMU_572
NP_721008.1,SMU_573
NP_721009.1,SMU_574c
NP_721010.1,SMU_575c
NP_721011.1,SMU_576
NP_721012.1,SMU_577
NP_721013.1,SMU_580
NP_721014.1,SMU_581
NP_721015.1,SMU_582
NP_721016.1,SMU_583
NP_721017.1,SMU_584
NP_721018.1,SMU_585
NP_721019.1,SMU_586
NP_721020.1,SMU_587
NP_721021.1,SMU_588
NP_721022.1,SMU_589
NP_721023.1,SMU_590c
NP_721024.1,SMU_591c
NP_721025.1,SMU_592c
NP_721026.1,SMU_593
NP_721027.1,SMU_594
NP_721028.1,SMU_595
NP_721029.1,SMU_596
NP_721030.1,SMU_597
NP_721031.1,SMU_598
NP_721032.1,SMU_599
NP_721033.1,SMU_600c
NP_721034.1,SMU_602
NP_721035.1,SMU_603
NP_721036.1,SMU_604
NP_721037.1,SMU_605
NP_721038.1,SMU_606
NP_721039.1,SMU_607
NP_721040.1,SMU_608
NP_721041.1,SMU_609
NP_721042.1,SMU_610
NP_721043.1,SMU_611
NP_721044.1,SMU_613
NP_721045.1,SMU_614
NP_721046.1,SMU_616
NP_721047.1,SMU_618
NP_721048.1,SMU_620
NP_721049.1,SMU_621c
NP_721050.1,SMU_622c
NP_721051.1,SMU_623c
NP_721052.1,SMU_624
NP_721053.1,SMU_625
NP_721054.1,SMU_626
NP_721055.1,SMU_627
NP_721056.1,SMU_628
NP_721057.1,SMU_629
NP_721058.1,SMU_630
NP_721059.1,SMU_631
NP_721060.1,SMU_632
NP_721061.1,SMU_633
NP_721062.1,SMU_634
NP_721063.1,SMU_635
NP_721064.1,SMU_636
NP_721065.1,SMU_637c
NP_721066.1,SMU_638
NP_721067.1,SMU_639
NP_721068.1,SMU_640c
NP_721069.1,SMU_641
NP_721070.1,SMU_642
NP_721071.1,SMU_643
NP_721072.1,SMU_644
NP_721073.1,SMU_645
NP_721074.1,SMU_646
NP_721075.1,SMU_647
NP_721076.1,SMU_648
NP_721077.1,SMU_649
NP_721078.1,SMU_650
NP_721079.1,SMU_651c
NP_721080.1,SMU_652c
NP_721081.1,SMU_653c
NP_721082.1,SMU_654
NP_721083.1,SMU_655
NP_721084.1,SMU_656
NP_721085.1,SMU_657
NP_721086.1,SMU_658
NP_721087.1,SMU_659
NP_721088.1,SMU_660
NP_721089.1,SMU_661
NP_721090.1,SMU_662
NP_721091.1,SMU_663
NP_721092.1,SMU_664
NP_721093.1,SMU_665
NP_721094.1,SMU_666
NP_721095.1,SMU_667
NP_721096.1,SMU_668c
NP_721097.1,SMU_669c
NP_721098.1,SMU_670
NP_721099.1,SMU_671
NP_721100.1,SMU_672
NP_721101.1,SMU_673
NP_721102.1,SMU_674
NP_721103.1,SMU_675
NP_721104.1,SMU_676
NP_721105.1,SMU_677
NP_721106.1,SMU_678
NP_721107.1,SMU_679
NP_721108.1,SMU_680
NP_721109.1,SMU_681
NP_721110.1,SMU_682
NP_721111.1,SMU_683
NP_721112.1,SMU_684
NP_721113.1,SMU_685
NP_721114.1,SMU_687c
NP_721115.1,SMU_688
NP_721116.1,SMU_689
NP_721117.1,SMU_690
NP_721118.1,SMU_691
NP_721119.1,SMU_692
NP_721120.1,SMU_694c
NP_721121.1,SMU_695
NP_721122.1,SMU_696
NP_721123.1,SMU_697
NP_721124.1,SMU_698
NP_721125.1,SMU_699
NP_721126.1,SMU_700c
NP_721127.1,SMU_701c
NP_721128.1,SMU_702c
NP_721129.1,SMU_703c
NP_721130.1,SMU_704c
NP_721131.1,SMU_706c
NP_721132.1,SMU_707c
NP_721133.1,SMU_709
NP_721134.1,SMU_711
NP_721135.1,SMU_712
NP_721136.1,SMU_713
NP_721137.1,SMU_714
NP_721138.1,SMU_715
NP_721139.1,SMU_716
NP_721140.1,SMU_717
NP_721141.1,SMU_718c
NP_721142.1,SMU_719c
NP_721143.1,SMU_720
NP_721144.1,SMU_721
NP_721145.1,SMU_722
NP_721146.1,SMU_723
NP_721147.1,SMU_724
NP_721148.1,SMU_725c
NP_721149.1,SMU_727
NP_721150.1,SMU_728
NP_721151.1,SMU_730
NP_721152.1,SMU_731
NP_721153.1,SMU_732
NP_721154.1,SMU_734
NP_721155.1,SMU_735
NP_721156.1,SMU_737
NP_721157.1,SMU_738
NP_721158.1,SMU_739c
NP_721159.1,SMU_741
NP_721160.1,SMU_742
NP_721161.1,SMU_743
NP_721162.1,SMU_744
NP_721163.1,SMU_745
NP_721164.1,SMU_746c
NP_721165.1,SMU_747c
NP_721166.1,SMU_748
NP_721167.1,SMU_750c
NP_721168.1,SMU_751
NP_721169.1,SMU_752
NP_721170.1,SMU_753
NP_721171.1,SMU_754
NP_721172.1,SMU_755
NP_721173.1,SMU_756
NP_721174.1,SMU_757
NP_721175.1,SMU_758c
NP_721176.1,SMU_759
NP_721177.1,SMU_761
NP_721178.1,SMU_764
NP_721179.1,SMU_765
NP_721180.1,SMU_766
NP_721181.1,SMU_767
NP_721182.1,SMU_768c
NP_721183.1,SMU_769
NP_721184.1,SMU_770c
NP_721185.1,SMU_771c
NP_721186.1,SMU_772
NP_721187.1,SMU_773c
NP_721188.1,SMU_774
NP_721189.1,SMU_775c
NP_721190.1,SMU_776
NP_721191.1,SMU_777
NP_721192.1,SMU_778
NP_721193.1,SMU_779
NP_721194.1,SMU_780
NP_721195.1,SMU_781
NP_721196.1,SMU_782
NP_721197.1,SMU_784
NP_721198.1,SMU_785
NP_721199.1,SMU_786
NP_721200.1,SMU_787
NP_721201.1,SMU_788
NP_721202.1,SMU_789
NP_721203.1,SMU_790
NP_721204.1,SMU_791c
NP_721205.1,SMU_793
NP_721206.1,SMU_794
NP_721207.1,SMU_795
NP_721208.1,SMU_796
NP_721209.1,SMU_797
NP_721210.1,SMU_798c
NP_721211.1,SMU_799c
NP_721212.1,SMU_800
NP_721213.3,SMU_801
NP_721214.1,SMU_802
NP_721215.1,SMU_803c
NP_721216.1,SMU_804
NP_721217.1,SMU_805c
NP_721218.1,SMU_806c
NP_721219.1,SMU_807
NP_721220.1,SMU_809
NP_721221.1,SMU_811
NP_721222.1,SMU_812
NP_721223.1,SMU_813
NP_721224.1,SMU_814
NP_721225.1,SMU_815
NP_721226.1,SMU_816
NP_721227.1,SMU_817
NP_721228.1,SMU_818
NP_721229.1,SMU_819
NP_721230.1,SMU_820
NP_721231.1,SMU_821
NP_721232.1,SMU_822
NP_721233.1,SMU_823
NP_721234.1,SMU_824
NP_721235.1,SMU_825
NP_721236.1,SMU_826
NP_721237.1,SMU_827
NP_721238.1,SMU_828
NP_721239.1,SMU_829
NP_721240.1,SMU_830
NP_721241.1,SMU_831
NP_721242.1,SMU_832
NP_721243.1,SMU_833
NP_721244.1,SMU_834
NP_721245.1,SMU_835
NP_721246.1,SMU_836
NP_721247.1,SMU_837
NP_721248.1,SMU_838
NP_721249.1,SMU_839
NP_721250.1,SMU_840c
NP_721251.1,SMU_841
NP_721252.1,SMU_842
NP_721253.1,SMU_843
NP_721254.1,SMU_844
NP_721255.1,SMU_845
NP_721256.1,SMU_847c
NP_721257.1,SMU_846
NP_721258.1,SMU_848
NP_721259.1,SMU_849
NP_721260.1,SMU_850
NP_721261.1,SMU_851
NP_721262.1,SMU_852
NP_721263.1,SMU_853
NP_721264.1,SMU_854
NP_721265.1,SMU_855
NP_721266.1,SMU_856
NP_721267.1,SMU_857
NP_721268.1,SMU_858
NP_721269.1,SMU_859
NP_721270.1,SMU_860
NP_721271.1,SMU_862
NP_721272.1,SMU_863
NP_721273.1,SMU_864
NP_721274.1,SMU_865
NP_721275.1,SMU_866
NP_721276.1,SMU_867
NP_721277.1,SMU_868
NP_721278.1,SMU_869
NP_721279.1,SMU_870
NP_721280.1,SMU_871
NP_721281.1,SMU_872
NP_721282.1,SMU_873
NP_721283.1,SMU_874
NP_721284.1,SMU_875c
NP_721285.1,SMU_876
NP_721286.1,SMU_877
NP_721287.1,SMU_878
NP_721288.1,SMU_879
NP_721289.1,SMU_880
NP_721290.1,SMU_881
NP_721291.1,SMU_882
NP_721292.1,SMU_883
NP_721293.1,SMU_885
NP_721294.1,SMU_886
NP_721295.1,SMU_887
NP_721296.1,SMU_888
NP_721297.1,SMU_889
NP_721298.1,SMU_890
NP_721299.1,SMU_891
NP_721300.1,SMU_892
NP_721301.1,SMU_893
NP_721302.1,SMU_895
NP_721303.1,SMU_896
NP_721304.1,SMU_897
NP_721305.1,SMU_898
NP_721306.1,SMU_899
NP_721307.1,SMU_900
NP_721308.1,SMU_901
NP_721309.1,SMU_902
NP_721310.1,SMU_905
NP_721311.1,SMU_906
NP_721312.1,SMU_909
NP_721313.1,SMU_910
NP_721314.1,SMU_911c
NP_721315.1,SMU_913
NP_721316.1,SMU_914c
NP_721317.1,SMU_915c
NP_721318.1,SMU_916c
NP_721319.1,SMU_917c
NP_721320.1,SMU_919c
NP_721321.1,SMU_921
NP_721322.1,SMU_922
NP_721323.1,SMU_923
NP_721324.1,SMU_924
NP_721325.1,SMU_925
NP_721326.1,SMU_926
NP_721327.1,SMU_927
NP_721328.1,SMU_928
NP_721329.1,SMU_929c
NP_721330.1,SMU_930c
NP_721331.1,SMU_932
NP_721332.1,SMU_933
NP_721333.1,SMU_934
NP_721334.1,SMU_935
NP_721335.1,SMU_936
NP_721336.1,SMU_937
NP_721337.1,SMU_938
NP_721338.1,SMU_939
NP_721339.1,SMU_940c
NP_721340.1,SMU_941c
NP_721341.1,SMU_942
NP_721342.1,SMU_943c
NP_721343.1,SMU_944
NP_721344.1,SMU_946
NP_721345.1,SMU_947
NP_721346.1,SMU_948
NP_721347.1,SMU_949
NP_721348.1,SMU_950
NP_721349.1,SMU_951
NP_721350.1,SMU_952
NP_721351.1,SMU_953c
NP_721352.1,SMU_954
NP_721353.1,SMU_955
NP_721354.1,SMU_956
NP_721355.1,SMU_957
NP_721356.1,SMU_958
NP_721357.1,SMU_959c
NP_721358.1,SMU_960
NP_721359.1,SMU_961
NP_721360.1,SMU_962
NP_721361.1,SMU_963c
NP_721362.1,SMU_965
NP_721363.1,SMU_966
NP_721364.1,SMU_967
NP_721365.1,SMU_968
NP_721366.1,SMU_969
NP_721367.1,SMU_970
NP_721368.1,SMU_971
NP_721369.1,SMU_972
NP_721370.1,SMU_973
NP_721371.1,SMU_974
NP_721372.1,SMU_975
NP_721373.1,SMU_976
NP_721374.1,SMU_977
NP_721375.1,SMU_980
NP_721376.1,SMU_981
NP_721377.1,SMU_982
NP_721378.1,SMU_983
NP_721379.1,SMU_984
NP_721380.1,SMU_985
NP_721381.1,SMU_986c
NP_721382.1,SMU_987
NP_721383.1,SMU_988
NP_721384.1,SMU_989
NP_721385.1,SMU_990
NP_721386.1,SMU_991
NP_721387.1,SMU_992
NP_721388.1,SMU_993
NP_721389.1,SMU_994
NP_721390.1,SMU_995
NP_721391.1,SMU_996
NP_721392.1,SMU_997
NP_721393.1,SMU_998
NP_721394.1,SMU_999
NP_721395.1,SMU_1000
NP_721396.1,SMU_1001
NP_721397.1,SMU_1002
NP_721398.1,SMU_1003
NP_721399.1,SMU_1004
NP_721400.1,SMU_1005
NP_721401.1,SMU_1006
NP_721402.1,SMU_1007
NP_721403.1,SMU_1008
NP_721404.1,SMU_1009
NP_721405.1,SMU_1010
NP_721406.1,SMU_1011
NP_721407.1,SMU_1012c
NP_721408.1,SMU_1013c
NP_721409.1,SMU_1014
NP_721410.1,SMU_1016
NP_721411.1,SMU_1017
NP_721412.1,SMU_1018
NP_721413.1,SMU_1019
NP_721414.1,SMU_1020
NP_721415.1,SMU_1021
NP_721416.1,SMU_1022
NP_721417.1,SMU_1023
NP_721418.1,SMU_1024c
NP_721419.1,SMU_1025
NP_721420.1,SMU_1026
NP_721421.1,SMU_1027
NP_721422.1,SMU_1028
NP_721423.1,SMU_1029
NP_721424.1,SMU_1030
NP_721425.1,SMU_1031
NP_721426.1,SMU_1032
NP_721427.1,SMU_1034c
NP_721428.1,SMU_1035
NP_721429.1,SMU_1036
NP_721430.1,SMU_1037c
NP_721431.1,SMU_1038c
NP_721432.1,SMU_1039c
NP_721433.1,SMU_1040c
NP_721434.1,SMU_1041
NP_721435.1,SMU_1042
NP_721436.1,SMU_1043c
NP_721437.1,SMU_1044c
NP_721438.1,SMU_1045c
NP_721439.1,SMU_1046c
NP_721440.1,SMU_1047c
NP_721441.1,SMU_1048
NP_721442.1,SMU_1050
NP_721443.1,SMU_1051
NP_721444.1,SMU_1052
NP_721445.1,SMU_1053
NP_721446.1,SMU_1054
NP_721447.1,SMU_1055
NP_721448.1,SMU_1056
NP_721449.1,SMU_1057
NP_721450.1,SMU_1058
NP_721451.1,SMU_1059
NP_721452.1,SMU_1060
NP_721453.1,SMU_1061
NP_721454.1,SMU_1062
NP_721455.1,SMU_1063
NP_721456.1,SMU_1064c
NP_721457.1,SMU_1065c
NP_721458.1,SMU_1066
NP_721459.1,SMU_1067c
NP_721460.1,SMU_1068c
NP_721461.1,SMU_1069c
NP_721462.1,SMU_1070c
NP_721463.1,SMU_1071c
NP_721464.1,SMU_1072c
NP_721465.1,SMU_1073
NP_721466.1,SMU_1074
NP_721467.1,SMU_1075
NP_721468.1,SMU_1076
NP_721469.1,SMU_1077
NP_721470.1,SMU_1078c
NP_721471.1,SMU_1079c
NP_721472.1,SMU_1080c
NP_721473.1,SMU_1081c
NP_721474.1,SMU_1082
NP_721475.1,SMU_1083c
NP_721476.1,SMU_1084
NP_721477.1,SMU_1085
NP_721478.1,SMU_1086
NP_721479.1,SMU_1087
NP_721480.1,SMU_1088
NP_721481.1,SMU_1089
NP_721482.1,SMU_1090
NP_721483.1,SMU_1091
NP_721484.1,SMU_1093
NP_721485.1,SMU_1094
NP_721486.1,SMU_1095
NP_721487.1,SMU_1096
NP_721488.1,SMU_1097c
NP_721489.1,SMU_1098c
NP_721490.1,SMU_1100c
NP_721491.1,SMU_1102
NP_721492.1,SMU_1104c
NP_721493.1,SMU_1105c
NP_721494.1,SMU_1106c
NP_721495.1,SMU_1107c
NP_721496.1,SMU_1108c
NP_721497.1,SMU_1109c
NP_721498.1,SMU_1111c
NP_721499.1,SMU_1112c
NP_721500.1,SMU_1113
NP_721501.1,SMU_1114
NP_721502.1,SMU_1115
NP_721503.1,SMU_1116c
NP_721504.1,SMU_1117
NP_721505.1,SMU_1118c
NP_721506.1,SMU_1119c
NP_721507.1,SMU_1120
NP_721508.1,SMU_1121c
NP_721509.1,SMU_1122
NP_721510.1,SMU_1123
NP_721511.1,SMU_1124
NP_721512.1,SMU_1125c
NP_721513.1,SMU_1126
NP_721514.3,SMU_1127
NP_721515.1,SMU_1128
NP_721516.1,SMU_1129
NP_721517.1,SMU_1131c
NP_721518.1,SMU_1132
NP_721519.1,SMU_1133
NP_721520.1,SMU_1134c
NP_721521.1,SMU_1135
NP_721522.1,SMU_1136
NP_721523.1,SMU_1137
NP_721524.1,SMU_1138
NP_721525.1,SMU_1139c
NP_721526.1,SMU_1140c
NP_721527.1,SMU_1141c
NP_721528.1,SMU_1142c
NP_721529.1,SMU_1143c
NP_721530.1,SMU_1144
NP_721531.1,SMU_1145c
NP_721532.1,SMU_1146c
NP_721533.1,SMU_1147c
NP_721534.1,SMU_1148
NP_721535.1,SMU_1149
NP_721536.1,SMU_1150
NP_721537.1,SMU_1151c
NP_721538.1,SMU_1152c
NP_721539.1,SMU_1153c
NP_721540.1,SMU_1154c
NP_721541.1,SMU_1155
NP_721542.1,SMU_1156c
NP_721543.1,SMU_1157c
NP_721544.1,SMU_1158c
NP_721545.1,SMU_1159c
NP_721546.1,SMU_1160c
NP_721547.1,SMU_1161c
NP_721548.1,SMU_1163c
NP_721549.1,SMU_1164c
NP_721550.1,SMU_1165c
NP_721551.1,SMU_1166c
NP_721552.1,SMU_1167c
NP_721553.1,SMU_1168
NP_721554.1,SMU_1169c
NP_721555.1,SMU_1170
NP_721556.1,SMU_1171c
NP_721557.1,SMU_1172c
NP_721558.1,SMU_1173
NP_721559.1,SMU_1174
NP_721560.1,SMU_1175
NP_721561.1,SMU_1176
NP_721562.1,SMU_1177c
NP_721563.1,SMU_1178c
NP_721564.1,SMU_1179c
NP_721565.1,SMU_1180
NP_721566.1,SMU_1182
NP_721567.1,SMU_1183
NP_721568.1,SMU_1184c
NP_721569.1,SMU_1185
NP_721570.1,SMU_1187
NP_721571.1,SMU_1188
NP_721572.1,SMU_1189c
NP_721573.1,SMU_1190
NP_721574.1,SMU_1191
NP_721575.1,SMU_1192
NP_721576.1,SMU_1193
NP_721577.1,SMU_1194
NP_721578.1,SMU_1195
NP_721579.1,SMU_1196c
NP_721580.1,SMU_1197
NP_721581.1,SMU_1200
NP_721582.1,SMU_1201c
NP_721583.1,SMU_1203
NP_721584.1,SMU_1204
NP_721585.1,SMU_1205c
NP_721586.1,SMU_1206c
NP_721587.1,SMU_1207
NP_721588.1,SMU_1208c
NP_721589.1,SMU_1209c
NP_721590.1,SMU_1210
NP_721591.1,SMU_1211
NP_721592.1,SMU_1213c
NP_721593.1,SMU_1214
NP_721594.1,SMU_1215
NP_721595.1,SMU_1216c
NP_721596.1,SMU_1217c
NP_721597.1,SMU_1218
NP_721598.1,SMU_1219c
NP_721599.1,SMU_1220c
NP_721600.1,SMU_1221
NP_721601.1,SMU_1222
NP_721602.1,SMU_1223
NP_721603.1,SMU_1224
NP_721604.1,SMU_1225
NP_721605.1,SMU_1226c
NP_721606.1,SMU_1227
NP_721607.1,SMU_1228c
NP_721608.1,SMU_1229
NP_721609.1,SMU_1230c
NP_721610.1,SMU_1231c
NP_721611.1,SMU_1232c
NP_721612.1,SMU_1233
NP_721613.1,SMU_1234
NP_721614.1,SMU_1235
NP_721615.1,SMU_1236c
NP_721616.1,SMU_1237c
NP_721617.1,SMU_1238c
NP_721618.1,SMU_1239
NP_721619.1,SMU_1240c
NP_721620.1,SMU_1241
NP_721621.1,SMU_1243
NP_721622.1,SMU_1245c
NP_721623.1,SMU_1246c
NP_721624.1,SMU_1247
NP_721625.1,SMU_1249c
NP_721626.1,SMU_1250c
NP_721627.1,SMU_1251
NP_721628.1,SMU_1252
NP_721629.1,SMU_1253c
NP_721630.1,SMU_1254
NP_721631.1,SMU_1255c
NP_721632.1,SMU_1256c
NP_721633.1,SMU_1257c
NP_721634.1,SMU_1258c
NP_721635.1,SMU_1259
NP_721636.1,SMU_1260c
NP_721637.1,SMU_1261c
NP_721638.1,SMU_1262c
NP_721639.1,SMU_1263
NP_721640.1,SMU_1264
NP_721641.1,SMU_1265
NP_721642.1,SMU_1266
NP_721643.1,SMU_1267c
NP_721644.1,SMU_1268
NP_721645.1,SMU_1269
NP_721646.1,SMU_1270
NP_721647.1,SMU_1271
NP_721648.1,SMU_1272
NP_721649.1,SMU_1273
NP_721650.1,SMU_1276c
NP_721651.1,SMU_1277
NP_721652.1,SMU_1278c
NP_721653.1,SMU_1279c
NP_721654.1,SMU_1280c
NP_721655.1,SMU_1282
NP_721656.1,SMU_1284c
NP_721657.1,SMU_1286c
NP_721658.1,SMU_1287
NP_721659.1,SMU_1288
NP_721660.1,SMU_1289c
NP_721661.1,SMU_1290c
NP_721662.1,SMU_1291c
NP_721663.1,SMU_1292c
NP_721664.1,SMU_1293c
NP_721665.1,SMU_1294
NP_721666.1,SMU_1295
NP_721667.1,SMU_1296
NP_721668.1,SMU_1297
NP_721669.1,SMU_1298
NP_721670.1,SMU_1299c
NP_721671.1,SMU_1300c
NP_721672.1,SMU_1301c
NP_721673.1,SMU_1302
NP_721674.1,SMU_1303c
NP_721675.1,SMU_1304c
NP_721676.1,SMU_1305c
NP_721677.1,SMU_1306c
NP_721678.1,SMU_1307c
NP_721679.1,SMU_1308
NP_721680.1,SMU_1309c
NP_721681.1,SMU_1310
NP_721682.1,SMU_1311
NP_721683.1,SMU_1312
NP_721684.1,SMU_1313c
NP_721685.1,SMU_1314
NP_721686.1,SMU_1315c
NP_721687.1,SMU_1316c
NP_721688.1,SMU_1317c
NP_721689.1,SMU_1319c
NP_721690.1,SMU_1321c
NP_721691.1,SMU_1322
NP_721692.1,SMU_1323
NP_721693.1,SMU_1324
NP_721694.1,SMU_1325
NP_721695.1,SMU_1326
NP_721696.1,SMU_1327c
NP_721697.1,SMU_1329c
NP_721698.1,SMU_1330c
NP_721699.1,SMU_1331c
NP_721700.1,SMU_1332c
NP_721701.1,SMU_1334
NP_721702.1,SMU_1335c
NP_721703.1,SMU_1336
NP_721704.1,SMU_1337c
NP_721705.1,SMU_1338c
NP_721706.1,SMU_1339
NP_721707.1,SMU_1340
NP_721708.1,SMU_1341c
NP_721709.1,SMU_1342
NP_721710.1,SMU_1343c
NP_721711.1,SMU_1344c
NP_721712.1,SMU_1345c
NP_721713.1,SMU_1346
NP_721714.1,SMU_1347c
NP_721715.1,SMU_1348c
NP_721716.1,SMU_1349
NP_721717.1,SMU_1351
NP_721718.1,SMU_1352
NP_721719.1,SMU_1353
NP_721720.1,SMU_1354c
NP_721721.1,SMU_1355c
NP_721722.1,SMU_1356c
NP_721723.1,SMU_1357
NP_721724.1,SMU_1358
NP_721725.1,SMU_1359
NP_721726.1,SMU_1360c
NP_721727.1,SMU_1361c
NP_721728.1,SMU_1363c
NP_721729.1,SMU_1365c
NP_721730.1,SMU_1366c
NP_721731.1,SMU_1367c
NP_721732.1,SMU_1368
NP_721733.1,SMU_1369
NP_721734.1,SMU_1370c
NP_721735.1,SMU_1372c
NP_721736.1,SMU_1373c
NP_721737.1,SMU_1374
NP_721738.1,SMU_1375c
NP_721739.1,SMU_1377c
NP_721740.1,SMU_1378
NP_721741.1,SMU_1379
NP_721742.1,SMU_1381
NP_721743.1,SMU_1382
NP_721744.1,SMU_1383
NP_721745.1,SMU_1384
NP_721746.1,SMU_1386
NP_721747.1,SMU_1387
NP_721748.1,SMU_1388
NP_721749.1,SMU_1389
NP_721750.1,SMU_1390
NP_721751.1,SMU_1391c
NP_721752.1,SMU_1392c
NP_721753.1,SMU_1393c
NP_721754.1,SMU_1394
NP_721755.1,SMU_1395c
NP_721756.1,SMU_1396
NP_721757.1,SMU_1397c
NP_721758.1,SMU_1398
NP_721760.1,SMU_1400c
NP_721761.1,SMU_1402c
NP_721762.1,SMU_1403c
NP_721763.1,SMU_1404c
NP_721764.1,SMU_1405c
NP_721765.1,SMU_1406c
NP_721766.1,SMU_1407c
NP_721767.1,SMU_1408c
NP_721768.1,SMU_1409c
NP_721769.1,SMU_1410
NP_721770.1,SMU_1411
NP_721771.1,SMU_1412c
NP_721772.1,SMU_1414c
NP_721773.1,SMU_1415c
NP_721774.1,SMU_1416c
NP_721775.1,SMU_1417c
NP_721776.1,SMU_1418
NP_721777.1,SMU_1419
NP_721778.1,SMU_1420
NP_721779.1,SMU_1421
NP_721780.1,SMU_1422
NP_721781.1,SMU_1423
NP_721782.1,SMU_1424
NP_721783.1,SMU_1425
NP_721784.1,SMU_1426c
NP_721785.1,SMU_1427c
NP_721786.1,SMU_1428c
NP_721787.1,SMU_1429
NP_721788.1,SMU_1430
NP_721789.1,SMU_1431c
NP_721790.1,SMU_1432c
NP_721791.1,SMU_1434c
NP_721792.1,SMU_1435c
NP_721793.1,SMU_1436c
NP_721794.1,SMU_1437
NP_721795.1,SMU_1438c
NP_721796.1,SMU_1442c
NP_721797.1,SMU_1443c
NP_721798.1,SMU_1444c
NP_721799.1,SMU_1445c
NP_721800.1,SMU_1446c
NP_721801.1,SMU_1447c
NP_721802.1,SMU_1449
NP_721803.1,SMU_1450
NP_721804.1,SMU_1451
NP_721805.1,SMU_1452
NP_721806.1,SMU_1453c
NP_721807.1,SMU_1454c
NP_721808.1,SMU_1455
NP_721809.1,SMU_1456c
NP_721810.1,SMU_1457
NP_721811.1,SMU_1459c
NP_721812.1,SMU_1460
NP_721813.1,SMU_1461
NP_721814.1,SMU_1462c
NP_721815.1,SMU_1463c
NP_721816.1,SMU_1464c
NP_721817.1,SMU_1465c
NP_721818.1,SMU_1466
NP_721819.1,SMU_1467
NP_721820.1,SMU_1470c
NP_721821.1,SMU_1471c
NP_721822.1,SMU_1472
NP_721823.1,SMU_1473c
NP_721824.1,SMU_1474c
NP_721825.1,SMU_1475c
NP_721826.1,SMU_1476c
NP_721827.1,SMU_1477
NP_721828.1,SMU_1479
NP_721829.1,SMU_1480
NP_721830.1,SMU_1482c
NP_721831.1,SMU_1483c
NP_721832.1,SMU_1484c
NP_721833.1,SMU_1485c
NP_721834.1,SMU_1486c
NP_721835.1,SMU_1487
NP_721836.1,SMU_1488c
NP_721837.1,SMU_1489
NP_721838.1,SMU_1490
NP_721839.1,SMU_1491
NP_721840.1,SMU_1492
NP_721841.1,SMU_1493
NP_721842.1,SMU_1494
NP_721843.1,SMU_1495
NP_721844.1,SMU_1496
NP_721845.1,SMU_1498
NP_721846.1,SMU_1499
NP_721847.1,SMU_1500
NP_721848.1,SMU_1502c
NP_721849.1,SMU_1504c
NP_721850.1,SMU_1505c
NP_721851.1,SMU_1506c
NP_721852.1,SMU_1507c
NP_721853.1,SMU_1508c
NP_721854.1,SMU_1509
NP_721855.1,SMU_1510
NP_721856.1,SMU_1511c
NP_721857.1,SMU_1512
NP_721858.1,SMU_1513
NP_721859.1,SMU_1514
NP_721860.1,SMU_1515
NP_721861.1,SMU_1516
NP_721862.1,SMU_1517
NP_721863.1,SMU_1519
NP_721864.1,SMU_1520
NP_721865.1,SMU_1521
NP_721866.1,SMU_1522
NP_721867.1,SMU_1523
NP_721868.1,SMU_1524c
NP_721869.1,SMU_1525
NP_721870.1,SMU_1526c
NP_721871.1,SMU_1527
NP_721872.1,SMU_1528
NP_721873.1,SMU_1529
NP_721874.1,SMU_1530
NP_721875.1,SMU_1531
NP_721876.1,SMU_1532
NP_721877.1,SMU_1533
NP_721878.1,SMU_1534
NP_721879.1,SMU_1535
NP_721880.1,SMU_1536
NP_721881.1,SMU_1537
NP_721882.1,SMU_1538
NP_721883.1,SMU_1539
NP_721884.1,SMU_1541
NP_721885.1,SMU_1542c
NP_721886.1,SMU_1543
NP_721887.1,SMU_1545c
NP_721888.1,SMU_1546
NP_721889.1,SMU_1547c
NP_721890.1,SMU_1548c
NP_721891.1,SMU_1550c
NP_721892.1,SMU_1551c
NP_721893.1,SMU_1552c
NP_721894.1,SMU_1553c
NP_721895.1,SMU_1554c
NP_721896.1,SMU_1555c
NP_721897.1,SMU_1556
NP_721898.1,SMU_1557c
NP_721899.1,SMU_1558c
NP_721900.1,SMU_1560
NP_721901.1,SMU_1561
NP_721902.1,SMU_1562
NP_721903.1,SMU_1563
NP_721904.1,SMU_1564
NP_721905.1,SMU_1565
NP_721906.1,SMU_1566
NP_721907.1,SMU_1568
NP_721908.1,SMU_1569
NP_721909.1,SMU_1570
NP_721910.1,SMU_1571
NP_721911.1,SMU_1572
NP_721912.1,SMU_1573
NP_721913.1,SMU_1574c
NP_721914.1,SMU_1575c
NP_721915.1,SMU_1576c
NP_721916.1,SMU_1577c
NP_721917.1,SMU_1578
NP_721918.1,SMU_1579
NP_721919.1,SMU_1581
NP_721920.1,SMU_1582c
NP_721921.1,SMU_1584c
NP_721922.1,SMU_1585c
NP_721923.1,SMU_1586
NP_721924.1,SMU_1587c
NP_721925.1,SMU_1588c
NP_721926.1,SMU_1589c
NP_721927.1,SMU_1590
NP_721928.1,SMU_1591
NP_721929.1,SMU_1592
NP_721930.1,SMU_1593c
NP_721931.1,SMU_1595
NP_721932.1,SMU_1596
NP_721933.1,SMU_1597c
NP_721934.1,SMU_1598
NP_721935.1,SMU_1599
NP_721936.1,SMU_1600
NP_721937.1,SMU_1601
NP_721938.1,SMU_1602
NP_721939.1,SMU_1603
NP_721940.1,SMU_1604c
NP_721941.1,SMU_1605
NP_721942.1,SMU_1606
NP_721943.1,SMU_1607
NP_721944.1,SMU_1609c
NP_721945.1,SMU_1610
NP_721946.1,SMU_1611c
NP_721947.1,SMU_1612c
NP_721948.1,SMU_1613c
NP_721949.1,SMU_1614
NP_721950.1,SMU_1615c
NP_721951.1,SMU_1616c
NP_721952.1,SMU_1617
NP_721953.1,SMU_1618
NP_721954.1,SMU_1619c
NP_721955.1,SMU_1620
NP_721956.1,SMU_1621c
NP_721957.1,SMU_1622
NP_721958.1,SMU_1623c
NP_721959.1,SMU_1624
NP_721960.1,SMU_1625
NP_721961.1,SMU_1626
NP_721962.1,SMU_1627
NP_721963.1,SMU_1628
NP_721964.1,SMU_1629c
NP_721965.1,SMU_1631
NP_721966.1,SMU_1632
NP_721967.1,SMU_1633c
NP_721968.1,SMU_1634c
NP_721969.1,SMU_1635
NP_721970.1,SMU_1636c
NP_721971.1,SMU_1637c
NP_721972.1,SMU_1638c
NP_721973.1,SMU_1639
NP_721974.1,SMU_1641c
NP_721975.1,SMU_1642c
NP_721976.1,SMU_1643c
NP_721977.1,SMU_1644c
NP_721978.1,SMU_1645
NP_721979.1,SMU_1646c
NP_721980.1,SMU_1647c
NP_721981.1,SMU_1648c
NP_721982.1,SMU_1649
NP_721983.1,SMU_1650
NP_721984.1,SMU_1651
NP_721985.1,SMU_1652
NP_721986.1,SMU_1653
NP_721987.1,SMU_1654c
NP_721988.1,SMU_1655c
NP_721989.1,SMU_1656
NP_721990.1,SMU_1657c
NP_721991.1,SMU_1658
NP_721992.1,SMU_1659c
NP_721993.1,SMU_1660c
NP_721994.1,SMU_1661c
NP_721995.1,SMU_1662
NP_721996.1,SMU_1663
NP_721997.1,SMU_1664c
NP_721998.1,SMU_1665
NP_721999.1,SMU_1666
NP_722000.1,SMU_1667
NP_722001.1,SMU_1668
NP_722002.1,SMU_1669
NP_722003.1,SMU_1670c
NP_722004.1,SMU_1671c
NP_722005.1,SMU_1672
NP_722006.1,SMU_1673
NP_722007.1,SMU_1674
NP_722008.1,SMU_1675
NP_722009.1,SMU_1676c
NP_722010.1,SMU_1677
NP_722011.1,SMU_1678
NP_722012.1,SMU_1679c
NP_722013.1,SMU_1680c
NP_722014.1,SMU_1681c
NP_722015.1,SMU_1682c
NP_722016.1,SMU_1683c
NP_722017.1,SMU_1685c
NP_722018.1,SMU_1687
NP_722019.1,SMU_1688
NP_722020.1,SMU_1689
NP_722021.1,SMU_1690
NP_722022.1,SMU_1691
NP_722023.1,SMU_1692
NP_722024.1,SMU_1693
NP_722025.1,SMU_1694c
NP_722026.1,SMU_1695
NP_722027.1,SMU_1697c
NP_722028.1,SMU_1699c
NP_722029.1,SMU_1700c
NP_722030.1,SMU_1701c
NP_722031.1,SMU_1702c
NP_722032.1,SMU_1703c
NP_722033.1,SMU_1704
NP_722034.1,SMU_1705
NP_722035.1,SMU_1706
NP_722036.1,SMU_1707c
NP_722037.1,SMU_1708
NP_722038.1,SMU_1709
NP_722039.1,SMU_1710c
NP_722040.1,SMU_1711
NP_722041.1,SMU_1712c
NP_722042.1,SMU_1713c
NP_722043.1,SMU_1714c
NP_722044.1,SMU_1715c
NP_722045.1,SMU_1716c
NP_722046.1,SMU_1717c
NP_722047.1,SMU_1718
NP_722048.1,SMU_1719c
NP_722049.1,SMU_1721c
NP_722050.1,SMU_1722c
NP_722051.1,SMU_1723c
NP_722052.1,SMU_1724c
NP_722053.1,SMU_1725
NP_722054.1,SMU_1727
NP_722055.1,SMU_1728
NP_722056.1,SMU_1729c
NP_722057.1,SMU_1730c
NP_722058.3,SMU_1731
NP_722059.1,SMU_1732c
NP_722060.1,SMU_1733c
NP_722061.1,SMU_1734
NP_722062.1,SMU_1735
NP_722063.1,SMU_1736
NP_722064.1,SMU_1737
NP_722065.3,SMU_1738
NP_722066.1,SMU_1739
NP_722067.1,SMU_1740
NP_722068.1,SMU_1741
NP_722069.1,SMU_1742c
NP_722070.1,SMU_1743
NP_722071.1,SMU_1744
NP_722072.1,SMU_1745c
NP_722073.1,SMU_1746c
NP_722074.1,SMU_1747c
NP_722075.1,SMU_1748
NP_722076.1,SMU_1750c
NP_722077.1,SMU_1752c
NP_722078.1,SMU_1753c
NP_722079.1,SMU_1754c
NP_722080.1,SMU_1755c
NP_722081.1,SMU_1757c
NP_722082.1,SMU_1758c
NP_722083.1,SMU_1760c
NP_722084.1,SMU_1761c
NP_722085.1,SMU_1762c
NP_722086.1,SMU_1763c
NP_722087.1,SMU_1764c
NP_722088.1,SMU_1765c
NP_722089.1,SMU_1766c
NP_722090.1,SMU_1767c
NP_722091.1,SMU_1768c
NP_722092.1,SMU_1770
NP_722093.1,SMU_1771c
NP_722094.1,SMU_1772c
NP_722095.1,SMU_1773c
NP_722096.1,SMU_1774c
NP_722097.1,SMU_1775c
NP_722098.1,SMU_1776c
NP_722099.1,SMU_1777
NP_722100.1,SMU_1779c
NP_722101.1,SMU_1780
NP_722102.1,SMU_1781
NP_722103.1,SMU_1782
NP_722104.1,SMU_1783
NP_722105.1,SMU_1784c
NP_722106.1,SMU_1785
NP_722107.1,SMU_1786
NP_722108.1,SMU_1787c
NP_722109.1,SMU_1788c
NP_722110.1,SMU_1789c
NP_722111.1,SMU_1790c
NP_722112.1,SMU_1791c
NP_722113.1,SMU_1792c
NP_722114.1,SMU_1794c
NP_722115.1,SMU_1795c
NP_722116.1,SMU_1797c
NP_722117.1,SMU_1798c
NP_722118.1,SMU_1799
NP_722119.1,SMU_1800c
NP_722120.1,SMU_1801c
NP_722121.1,SMU_1802c
NP_722122.1,SMU_1803c
NP_722123.1,SMU_1804c
NP_722124.1,SMU_1805
NP_722125.1,SMU_1806
NP_722126.1,SMU_1807c
NP_722127.1,SMU_1808c
NP_722128.1,SMU_1809
NP_722129.1,SMU_1810
NP_722130.1,SMU_1811
NP_722131.1,SMU_1812
NP_722132.1,SMU_1813
NP_722133.1,SMU_1814
NP_722134.1,SMU_1815
NP_722135.1,SMU_1816c
NP_722136.1,SMU_1817c
NP_722137.1,SMU_1818c
NP_722138.1,SMU_1819
NP_722139.1,SMU_1820c
NP_722140.1,SMU_1821c
NP_722141.1,SMU_1822
NP_722142.1,SMU_1823
NP_722143.1,SMU_1824c
NP_722144.1,SMU_1826
NP_722145.1,SMU_1827
NP_722146.1,SMU_1828
NP_722147.1,SMU_1830c
NP_722148.1,SMU_1831
NP_722149.1,SMU_1832
NP_722150.1,SMU_1833
NP_722151.1,SMU_1834
NP_722152.1,SMU_1835
NP_722153.1,SMU_1836
NP_722154.1,SMU_1837
NP_722155.1,SMU_1838
NP_722156.1,SMU_1839
NP_722157.1,SMU_1840
NP_722158.1,SMU_1841
NP_722159.1,SMU_1843
NP_722160.1,SMU_1844
NP_722161.1,SMU_1845
NP_722162.1,SMU_1846c
NP_722163.1,SMU_1847
NP_722164.1,SMU_1848
NP_722165.1,SMU_1849
NP_722166.1,SMU_1850
NP_722167.1,SMU_1851
NP_722168.1,SMU_1852
NP_722169.1,SMU_1853
NP_722170.1,SMU_1854
NP_722171.1,SMU_1855
NP_722172.1,SMU_1856c
NP_722173.1,SMU_1858
NP_722174.1,SMU_1859
NP_722175.1,SMU_1860
NP_722176.1,SMU_1861c
NP_722177.1,SMU_1862
NP_722178.1,SMU_1865
NP_722179.1,SMU_1867c
NP_722180.1,SMU_1869
NP_722181.1,SMU_1870
NP_722182.1,SMU_1871c
NP_722183.1,SMU_1872c
NP_722184.1,SMU_1873
NP_722185.1,SMU_1874
NP_722186.1,SMU_1875
NP_722187.1,SMU_1876
NP_722188.1,SMU_1877
NP_722189.1,SMU_1878
NP_722190.1,SMU_1879
NP_722191.1,SMU_1881c
NP_722192.1,SMU_1882c
NP_722193.1,SMU_1883
NP_722194.1,SMU_1884c
NP_722195.1,SMU_1886
NP_722196.1,SMU_1888
NP_722197.1,SMU_1889c
NP_722198.1,SMU_1891c
NP_722199.1,SMU_1892c
NP_722200.1,SMU_1893c
NP_722201.1,SMU_1894c
NP_722202.1,SMU_1895c
NP_722204.1,SMU_1897
NP_722205.1,SMU_1898
NP_722206.1,SMU_1899
NP_722207.1,SMU_1900
NP_722208.1,SMU_1902c
NP_722209.1,SMU_1903c
NP_722210.1,SMU_1904c
NP_722211.1,SMU_1905c
NP_722212.1,SMU_1906c
NP_722213.1,SMU_1907
NP_722214.1,SMU_1908c
NP_722215.1,SMU_1909c
NP_722216.1,SMU_1910c
NP_722217.1,SMU_1912c
NP_722218.1,SMU_1913c
NP_722219.1,SMU_1914c
NP_722220.1,SMU_1915
NP_722221.1,SMU_1916
NP_722222.1,SMU_1917
NP_722223.1,SMU_1918
NP_722224.1,SMU_1919
NP_722225.1,SMU_1920
NP_722226.1,SMU_1921
NP_722227.1,SMU_1922
NP_722228.1,SMU_1923c
NP_722229.1,SMU_1924
NP_722230.1,SMU_1925c
NP_722231.1,SMU_1926
NP_722232.1,SMU_1927
NP_722233.1,SMU_1928
NP_722234.1,SMU_1929
NP_722235.1,SMU_1930
NP_722236.1,SMU_1931
NP_722237.1,SMU_1933c
NP_722238.1,SMU_1934c
NP_722239.1,SMU_1935c
NP_722240.1,SMU_1936c
NP_722241.1,SMU_1937
NP_722242.1,SMU_1938c
NP_722243.1,SMU_1939c
NP_722244.1,SMU_1940c
NP_722245.1,SMU_1941
NP_722246.1,SMU_1942c
NP_722247.1,SMU_1943
NP_722248.1,SMU_1945
NP_722249.1,SMU_1946
NP_722250.1,SMU_1947
NP_722251.1,SMU_1948
NP_722252.1,SMU_1949
NP_722253.1,SMU_1950
NP_722254.1,SMU_1951c
NP_722255.1,SMU_1954
NP_722256.1,SMU_1955
NP_722257.1,SMU_1956c
NP_722258.1,SMU_1957
NP_722259.1,SMU_1958c
NP_722260.1,SMU_1960c
NP_722261.1,SMU_1961c
NP_722262.1,SMU_1963c
NP_722263.1,SMU_1964c
NP_722264.1,SMU_1965c
NP_722265.1,SMU_1966c
NP_722266.1,SMU_1967
NP_722267.1,SMU_1968c
NP_722268.1,SMU_1969c
NP_722269.1,SMU_1970c
NP_722270.1,SMU_1971c
NP_722271.1,SMU_1972c
NP_722272.1,SMU_1973
NP_722273.1,SMU_1974
NP_722274.1,SMU_1975c
NP_722275.1,SMU_1976c
NP_722276.1,SMU_1977c
NP_722277.1,SMU_1978
NP_722278.1,SMU_1979c
NP_722279.1,SMU_1980c
NP_722280.1,SMU_1981c
NP_722281.1,SMU_1982c
NP_722282.1,SMU_1983
NP_722283.1,SMU_1984
NP_722284.1,SMU_1985
NP_722285.1,SMU_1987
NP_722286.1,SMU_1988c
NP_722287.1,SMU_1989
NP_722288.1,SMU_1990
NP_722289.1,SMU_1991
NP_722290.1,SMU_1992
NP_722291.1,SMU_1993
NP_722292.1,SMU_1994
NP_722293.1,SMU_1995c
NP_722294.1,SMU_1996
NP_722295.1,SMU_1997
NP_722296.1,SMU_1999c
NP_722297.1,SMU_2000
NP_722298.1,SMU_2001
NP_722299.1,SMU_2002
NP_722300.1,SMU_2003
NP_722301.1,SMU_2003a
NP_722302.1,SMU_2004
NP_722303.1,SMU_2005
NP_722304.1,SMU_2006
NP_722305.1,SMU_2007
NP_722306.1,SMU_2008
NP_722307.1,SMU_2009
NP_722308.1,SMU_2010
NP_722309.1,SMU_2011
NP_722310.1,SMU_2012
NP_722311.1,SMU_2014
NP_722312.1,SMU_2015
NP_722313.1,SMU_2016
NP_722314.1,SMU_2017
NP_722315.1,SMU_2018
NP_722316.1,SMU_2019
NP_722317.1,SMU_2020
NP_722318.3,SMU_2021
NP_722319.1,SMU_2022
NP_722320.2,SMU_2023c
YP_004853792.1,SMU_2167
YP_004853793.1,SMU_2166
NP_722321.2,SMU_2024c
NP_722322.1,SMU_2025
NP_722323.1,SMU_2026c
NP_722324.1,SMU_2027
NP_722325.1,SMU_2028
NP_722326.1,SMU_2029
NP_722327.1,SMU_2030
NP_722328.1,SMU_2031
NP_722329.1,SMU_2032
NP_722330.1,SMU_2033c
NP_722331.1,SMU_2035
NP_722332.1,SMU_2036
NP_722333.1,SMU_2037
NP_722334.1,SMU_2038
NP_722335.1,SMU_2040
NP_722336.1,SMU_2042
NP_722337.1,SMU_2043c
NP_722338.1,SMU_2044
NP_722339.1,SMU_2046c
NP_722340.1,SMU_2047
NP_722341.1,SMU_2048
NP_722342.1,SMU_2049c
NP_722343.1,SMU_2050c
NP_722344.1,SMU_2052c
NP_722345.1,SMU_2053c
NP_722346.1,SMU_2054c
NP_722347.1,SMU_2055
NP_722348.1,SMU_2056
NP_722349.1,SMU_2057c
NP_722350.1,SMU_2058
NP_722351.1,SMU_2059c
NP_722352.1,SMU_2060
NP_722353.1,SMU_2061
NP_722354.1,SMU_2063
NP_722355.1,SMU_2064c
NP_722356.1,SMU_2065
NP_722357.1,SMU_2066c
NP_722358.1,SMU_2067
NP_722359.1,SMU_2069
NP_722360.1,SMU_2070
NP_722361.1,SMU_2071
NP_722362.1,SMU_2072c
NP_722363.1,SMU_2073c
NP_722364.1,SMU_2074
NP_722365.1,SMU_2075c
NP_722366.1,SMU_2076c
NP_722367.1,SMU_2077c
NP_722368.1,SMU_2078c
NP_722369.1,SMU_2079c
NP_722370.1,SMU_2080
NP_722371.1,SMU_2081
NP_722372.1,SMU_2083c
NP_722373.1,SMU_2084c
NP_722374.1,SMU_2085
NP_722375.1,SMU_2086
NP_722376.1,SMU_2087
NP_722377.1,SMU_2088
NP_722378.1,SMU_2089
NP_722379.1,SMU_2090c
NP_722380.1,SMU_2091c
NP_722381.1,SMU_2092c
NP_722382.1,SMU_2093
NP_722383.1,SMU_2094c
NP_722384.1,SMU_2096c
NP_722385.1,SMU_2097
NP_722386.1,SMU_2098
NP_722387.1,SMU_2099c
NP_722388.1,SMU_2100c
NP_722389.1,SMU_2101
NP_722390.1,SMU_2102
NP_722391.1,SMU_2104
NP_722392.1,SMU_2104a
NP_722393.1,SMU_2105
NP_722394.1,SMU_2106c
NP_722395.1,SMU_2107c
NP_722396.1,SMU_2108c
NP_722397.1,SMU_2109
NP_722398.1,SMU_2111c
NP_722399.1,SMU_2112
NP_722400.1,SMU_2113c
NP_722401.1,SMU_2114c
NP_722402.1,SMU_2115
NP_722403.1,SMU_2116
NP_722404.1,SMU_2117
NP_722405.1,SMU_2118
NP_722406.1,SMU_2119
NP_722407.1,SMU_2120c
NP_722408.1,SMU_2121c
NP_722409.1,SMU_2123
NP_722410.1,SMU_2124
NP_722411.1,SMU_2125
NP_722412.1,SMU_2126c
NP_722413.1,SMU_2127
NP_722414.1,SMU_2128
NP_722415.1,SMU_2129c
NP_722416.1,SMU_2130
NP_722417.1,SMU_2131
NP_722418.1,SMU_2133c
NP_722419.1,SMU_2134
NP_722420.1,SMU_2135c
NP_722421.1,SMU_2136c
NP_722422.1,SMU_2137c
NP_722423.1,SMU_2138
NP_722424.1,SMU_2139c
NP_722427.1,SMU_2142
NP_722428.1,SMU_2143c
NP_722429.1,SMU_2146c
NP_722430.1,SMU_2147c
NP_722431.1,SMU_2148c
NP_722432.1,SMU_2149c
NP_722433.1,SMU_2150c
NP_722434.1,SMU_2151
NP_722435.1,SMU_2152c
NP_722436.1,SMU_2153c
NP_722437.1,SMU_2154c
NP_722438.1,SMU_2155
NP_722439.1,SMU_2156
NP_722440.1,SMU_2157
NP_722441.1,SMU_2158c
NP_722442.1,SMU_2159
NP_722443.1,SMU_2160
NP_722444.1,SMU_2161c
NP_722445.1,SMU_2162c
NP_722446.1,SMU_2164
NP_722447.1,SMU_2165
